id,conversation_id,created_at,date,time,timezone,user_id,username,name,place,tweet,language,mentions,urls,photos,replies_count,retweets_count,likes_count,hashtags,cashtags,link,retweet,quote_url,video,thumbnail,near,geo,source,user_rt_id,user_rt,retweet_id,reply_to,retweet_date,translate,trans_src,trans_dest
1312139880902713344,1312014538422837248,2020-10-02 23:18:20 Hora de verano romance,2020-10-02,23:18:20,+0200,838167746,netoverflow,NetOverflow,,@Campanilla021 @Penya1930 ğŸ˜ğŸ˜ŠğŸ‘,und,[],[],[],0,0,1,[],[],https://twitter.com/NetOverflow/status/1312139880902713344,False,,0,,,,,,,,"[{'screen_name': 'Campanilla021', 'name': 'penyadicta', 'id': '250810597'}, {'screen_name': 'Penya1930', 'name': 'Club Joventut Badalona', 'id': '249090832'}]",,,,
1312127178474094592,1312014538422837248,2020-10-02 22:27:52 Hora de verano romance,2020-10-02,22:27:52,+0200,250810597,campanilla021,penyadicta,,@NetOverflow Pues porque soy adicta al basket y a la @Penya1930 ğŸ’šğŸ–¤y llevo el tatto de la foto con mi hija( lo dibujÃ³ ella) y significa algo asÃ­ como que mi pasiÃ³n altera los latidos de mi corazÃ³nâ˜ºï¸,es,"[{'screen_name': 'penya1930', 'name': 'club joventut badalona', 'id': '249090832'}]",[],[],1,0,1,[],[],https://twitter.com/Campanilla021/status/1312127178474094592,False,,0,,,,,,,,"[{'screen_name': 'NetOverflow', 'name': 'NetOverflow', 'id': '838167746'}]",,,,
1312110150757486592,1312110150757486592,2020-10-02 21:20:12 Hora de verano romance,2020-10-02,21:20:12,+0200,249090832,penya1930,Club Joventut Badalona,,ğŸ“… 3/10 ğŸ† Jornada 4 @ACBCOM  ğŸ“ Poliesportiu dâ€™Andorra  ğŸ†š @morabancandorra   â± 20:45h ğŸ“º @MovistarBasket dial 53 ğŸ“» 94.4 FM @bdncom  ğŸ“² #Penyalive  https://t.co/xsPbebLjTC,ca,"[{'screen_name': 'acbcom', 'name': 'liga endesa', 'id': '42856346'}, {'screen_name': 'morabancandorra', 'name': 'morabancandorra', 'id': '76587843'}, {'screen_name': 'movistarbasket', 'name': 'basket en movistar+', 'id': '1897670472'}, {'screen_name': 'bdncom', 'name': 'badalona comunicaciÃ³', 'id': '144933060'}]",[],['https://pbs.twimg.com/media/EjWNOVCWsAUTDxn.jpg'],0,3,40,['penyalive'],[],https://twitter.com/Penya1930/status/1312110150757486592,False,,1,https://pbs.twimg.com/media/EjWNOVCWsAUTDxn.jpg,,,,,,,[],,,,
1312108867841449984,1312031586007814149,2020-10-02 21:15:06 Hora de verano romance,2020-10-02,21:15:06,+0200,2521585866,cifre_toni,CIFRE,,"@OlaSombretti @vrtoni @javieranua @achamiann @juliuskangurius @RMBaloncesto @EuroLeague @Baskonia @ACBCOM @Penya1930 No, perque ja no te cap mallorquÃ­ ğŸ˜œ @morabancandorra",es,"[{'screen_name': 'morabancandorra', 'name': 'morabancandorra', 'id': '76587843'}]",[],[],0,0,1,[],[],https://twitter.com/cifre_toni/status/1312108867841449984,False,,0,,,,,,,,"[{'screen_name': 'OlaSombretti', 'name': 'Sombretti', 'id': '727577515900981248'}, {'screen_name': 'vrtoni', 'name': 'Toni ValcÃ¡rcel', 'id': '353239866'}, {'screen_name': 'javieranua', 'name': 'Xabier AÃ±ua', 'id': '540621707'}, {'screen_name': 'achamiann', 'name': 'Luis Rubio', 'id': '2718806435'}, {'screen_name': 'juliuskangurius', 'name': 'Kanguro Gigante', 'id': '423338487'}, {'screen_name': 'RMBaloncesto', 'name': 'Real Madrid Basket', 'id': '1147824680'}, {'screen_name': 'EuroLeague', 'name': 'Turkish Airlines EuroLeague', 'id': '21889608'}, {'screen_name': 'Baskonia', 'name': 'Baskonia', 'id': '84333477'}, {'screen_name': 'ACBCOM', 'name': 'Liga Endesa', 'id': '42856346'}, {'screen_name': 'Penya1930', 'name': 'Club Joventut Badalona', 'id': '249090832'}]",,,,
1312108131694997504,1312031586007814149,2020-10-02 21:12:11 Hora de verano romance,2020-10-02,21:12:11,+0200,727577515900981248,olasombretti,Sombretti,,@cifre_toni @vrtoni @javieranua @achamiann @juliuskangurius @RMBaloncesto @EuroLeague @Baskonia @ACBCOM @Penya1930 I a la lliga catalana amb el Manresa ğŸ˜„ğŸ˜„,ca,[],[],[],1,0,0,[],[],https://twitter.com/OlaSombretti/status/1312108131694997504,False,,0,,,,,,,,"[{'screen_name': 'cifre_toni', 'name': 'CIFRE', 'id': '2521585866'}, {'screen_name': 'vrtoni', 'name': 'Toni ValcÃ¡rcel', 'id': '353239866'}, {'screen_name': 'javieranua', 'name': 'Xabier AÃ±ua', 'id': '540621707'}, {'screen_name': 'achamiann', 'name': 'Luis Rubio', 'id': '2718806435'}, {'screen_name': 'juliuskangurius', 'name': 'Kanguro Gigante', 'id': '423338487'}, {'screen_name': 'RMBaloncesto', 'name': 'Real Madrid Basket', 'id': '1147824680'}, {'screen_name': 'EuroLeague', 'name': 'Turkish Airlines EuroLeague', 'id': '21889608'}, {'screen_name': 'Baskonia', 'name': 'Baskonia', 'id': '84333477'}, {'screen_name': 'ACBCOM', 'name': 'Liga Endesa', 'id': '42856346'}, {'screen_name': 'Penya1930', 'name': 'Club Joventut Badalona', 'id': '249090832'}]",,,,
1312093950916866048,1312093950916866048,2020-10-02 20:15:50 Hora de verano romance,2020-10-02,20:15:50,+0200,627603032,mr_ericmc,Eric,,"Muchos dicen que @Penya1930 es el equipo que mejor se ha reforzado este verano, pero me parece a mi, que @SanPabloBurgos ha hecho un equipazo muy equilibrado para luchar por lo que sea (renfroe, rabaseda,horton,cook...ğŸ˜–) Bendita @ACBCOM como lo vamos a disfrutar!!",es,"[{'screen_name': 'penya1930', 'name': 'club joventut badalona', 'id': '249090832'}, {'screen_name': 'sanpabloburgos', 'name': 'hereda san pablo burgos', 'id': '3537340217'}, {'screen_name': 'acbcom', 'name': 'liga endesa', 'id': '42856346'}]",[],[],0,0,0,[],[],https://twitter.com/Mr_EricMC/status/1312093950916866048,False,,0,,,,,,,,[],,,,
1312089530510594055,1312089530510594055,2020-10-02 19:58:16 Hora de verano romance,2020-10-02,19:58:16,+0200,249090832,penya1930,Club Joventut Badalona,,Amb qui va Brodziansky a les #NBAFinals ?  AquÃ­ tens la seva entrevista! ğŸ¥  https://t.co/8geyxAumyf #BadalonaÃ‰sFutur  https://t.co/oVN3YPwTYy,ca,[],['http://bit.ly/3jqA3Hg'],[],0,1,15,"['nbafinals', 'badalonaÃ©sfutur']",[],https://twitter.com/Penya1930/status/1312089530510594055,False,,1,https://pbs.twimg.com/ext_tw_video_thumb/1312089223059644418/pu/img/0Ug4_JdQzxGJrEdu.jpg,,,,,,,[],,,,
1312085127393091584,1312085127393091584,2020-10-02 19:40:46 Hora de verano romance,2020-10-02,19:40:46,+0200,190971473,marcelpellejero,Marcel Pellejero,,#maipor @Penya1930. DemÃ  Badalona capital dels Pirineus @Esports_bdncom,ca,"[{'screen_name': 'penya1930', 'name': 'club joventut badalona', 'id': '249090832'}, {'screen_name': 'esports_bdncom', 'name': 'esports bdncom', 'id': '406372869'}]",[],[],0,0,0,['maipor'],[],https://twitter.com/MarcelPellejero/status/1312085127393091584,False,https://twitter.com/Esports_bdncom/status/1312074873011925003,0,,,,,,,,[],,,,
1312078680475271169,1312078680475271169,2020-10-02 19:15:09 Hora de verano romance,2020-10-02,19:15:09,+0200,76587843,morabancandorra,MoraBancAndorra,,ğŸ‘†ğŸ€ğŸ” El BMB NEWS del partit de demÃ  contra @Penya1930ğŸ“ƒ  DESCARREGA'L AQUÃ â€¼ï¸ â¬‡ï¸â¬‡ï¸â¬‡ï¸â¬‡ï¸â¬‡ï¸â¬‡ï¸   https://t.co/jw3hZ4YJpV  #MaiSol #MaiPor  https://t.co/r4vg4nP0fT,ca,"[{'screen_name': 'penya1930', 'name': 'club joventut badalona', 'id': '249090832'}]",['https://www.bca.ad/wp-content/uploads/2020/10/BMB-News-J4.pdf'],"['https://pbs.twimg.com/media/EjVwBRPWoAE65-G.png', 'https://pbs.twimg.com/media/EjVwCXoXcAAZKOB.png', 'https://pbs.twimg.com/media/EjVwDVGXgAY2TXW.png', 'https://pbs.twimg.com/media/EjVwEmzWoAAxp3u.png']",0,1,10,"['maisol', 'maipor']",[],https://twitter.com/morabancandorra/status/1312078680475271169,False,,1,https://pbs.twimg.com/media/EjVwBRPWoAE65-G.png,,,,,,,[],,,,
1312074874433794048,1312074874433794048,2020-10-02 19:00:01 Hora de verano romance,2020-10-02,19:00:01,+0200,1303924508,best4sporttv,Best4SportTV,,"RÄ«tdien plkst. 21:40 @ACBCOM 4. kÄrtas spÄ“le, @morabancandorra pret ArtÅ«ru Å½agaru un @Penya1930 TIEÅ RAIDÄ’ kanÄlÄ @Best4SportTV tikai @Helio_aizrauj televÄ«zijÄs un lietotnÄ“ #ShortcutLV.  https://t.co/P1WtNtr3HJ",lv,"[{'screen_name': 'acbcom', 'name': 'liga endesa', 'id': '42856346'}, {'screen_name': 'morabancandorra', 'name': 'morabancandorra', 'id': '76587843'}, {'screen_name': 'penya1930', 'name': 'club joventut badalona', 'id': '249090832'}, {'screen_name': 'best4sporttv', 'name': 'best4sporttv', 'id': '1303924508'}]",[],['https://pbs.twimg.com/media/EjPN-3hWkAA737-.jpg'],0,0,0,['shortcutlv'],[],https://twitter.com/Best4SportTV/status/1312074874433794048,False,,1,https://pbs.twimg.com/media/EjPN-3hWkAA737-.jpg,,,,,,,[],,,,
1312074873011925003,1312074873011925003,2020-10-02 19:00:01 Hora de verano romance,2020-10-02,19:00:01,+0200,406372869,esports_bdncom,Esports BDNcom,,"La @Penya1930 no ha guanyat mai al @morabancandorra a la ""Bombonera"" des que els andorrans van tornar a l'@ACBCOM , tampoc l'any passat en partit d'@EuroCup ğŸ˜‘Ja va sent hora de trencar aquesta mala ratxa oi? Dissabte a les 20.45h, @morabancandorra VS @Penya1930 (94.4 @bdncom )  https://t.co/LrlpTcGggw",ca,"[{'screen_name': 'penya1930', 'name': 'club joventut badalona', 'id': '249090832'}, {'screen_name': 'morabancandorra', 'name': 'morabancandorra', 'id': '76587843'}, {'screen_name': 'acbcom', 'name': 'liga endesa', 'id': '42856346'}, {'screen_name': 'eurocup', 'name': '7days eurocup', 'id': '274475730'}, {'screen_name': 'morabancandorra', 'name': 'morabancandorra', 'id': '76587843'}, {'screen_name': 'penya1930', 'name': 'club joventut badalona', 'id': '249090832'}, {'screen_name': 'bdncom', 'name': 'badalona comunicaciÃ³', 'id': '144933060'}]",[],[],0,6,22,[],[],https://twitter.com/Esports_bdncom/status/1312074873011925003,False,,1,https://pbs.twimg.com/ext_tw_video_thumb/1312010074123055105/pu/img/SVoWI4v7w0ym4eh5.jpg,,,,,,,[],,,,
1312064611328425990,1312002058615218177,2020-10-02 18:19:14 Hora de verano romance,2020-10-02,18:19:14,+0200,920996598565539840,frances27943079,Francesc,,"@roserdiapuig @Penya1930 @victormayolas @morabancandorra @Neno_D7 Varen jugar dimecres ,el Joventut va guanyar a l'Ãºltim minut . GairabÃ© sempre va anar a davant el Partizan . PerÃ² cap jugador del Joventut Ã©s va rendir ,van voler guanyar . Coach DurÃ¡n al front .",ca,[],[],[],0,0,2,[],[],https://twitter.com/Frances27943079/status/1312064611328425990,False,,0,,,,,,,,"[{'screen_name': 'roserdiapuig', 'name': 'roser diaz puig', 'id': '851865767834513408'}, {'screen_name': 'Penya1930', 'name': 'Club Joventut Badalona', 'id': '249090832'}, {'screen_name': 'victormayolas', 'name': 'VÃ­ctor Mayolas Vila', 'id': '4446893955'}, {'screen_name': 'morabancandorra', 'name': 'MoraBancAndorra', 'id': '76587843'}, {'screen_name': 'Neno_D7', 'name': 'Neno Dimitrijevic', 'id': '2972997035'}]",,,,
1312063145066868736,1312002058615218177,2020-10-02 18:13:25 Hora de verano romance,2020-10-02,18:13:25,+0200,851865767834513408,roserdiapuig,roser diaz puig,,@Frances27943079 @Penya1930 @victormayolas @morabancandorra @Neno_D7 juguen avui?,ca,[],[],[],1,0,0,[],[],https://twitter.com/roserdiapuig/status/1312063145066868736,False,,0,,,,,,,,"[{'screen_name': 'Frances27943079', 'name': 'Francesc', 'id': '920996598565539840'}, {'screen_name': 'Penya1930', 'name': 'Club Joventut Badalona', 'id': '249090832'}, {'screen_name': 'victormayolas', 'name': 'VÃ­ctor Mayolas Vila', 'id': '4446893955'}, {'screen_name': 'morabancandorra', 'name': 'MoraBancAndorra', 'id': '76587843'}, {'screen_name': 'Neno_D7', 'name': 'Neno Dimitrijevic', 'id': '2972997035'}]",,,,
1312062741318955009,1312031586007814149,2020-10-02 18:11:49 Hora de verano romance,2020-10-02,18:11:49,+0200,2521585866,cifre_toni,CIFRE,,"@vrtoni @javieranua @achamiann @juliuskangurius @RMBaloncesto @EuroLeague @Baskonia @ACBCOM Hombre, tampoco voy a cambiar drÃ¡sticamente ğŸ˜…ğŸ˜… pero no lo descartes. Igual en la copa, voy con la @Penya1930  Soy muy rarito yo ğŸ˜‚ğŸ˜‚",es,"[{'screen_name': 'penya1930', 'name': 'club joventut badalona', 'id': '249090832'}]",[],[],1,0,3,[],[],https://twitter.com/cifre_toni/status/1312062741318955009,False,,0,,,,,,,,"[{'screen_name': 'vrtoni', 'name': 'Toni ValcÃ¡rcel', 'id': '353239866'}, {'screen_name': 'javieranua', 'name': 'Xabier AÃ±ua', 'id': '540621707'}, {'screen_name': 'achamiann', 'name': 'Luis Rubio', 'id': '2718806435'}, {'screen_name': 'juliuskangurius', 'name': 'Kanguro Gigante', 'id': '423338487'}, {'screen_name': 'RMBaloncesto', 'name': 'Real Madrid Basket', 'id': '1147824680'}, {'screen_name': 'EuroLeague', 'name': 'Turkish Airlines EuroLeague', 'id': '21889608'}, {'screen_name': 'Baskonia', 'name': 'Baskonia', 'id': '84333477'}, {'screen_name': 'ACBCOM', 'name': 'Liga Endesa', 'id': '42856346'}]",,,,
1312061324277559297,1312060126904320001,2020-10-02 18:06:11 Hora de verano romance,2020-10-02,18:06:11,+0200,249090832,penya1930,Club Joventut Badalona,,@morabancandorra @21Diagne Haurem de portar ğŸ”¥ğŸ”¥ğŸ”¥ de Badalona,ca,[],[],[],0,1,19,[],[],https://twitter.com/Penya1930/status/1312061324277559297,False,,0,,,,,,,,"[{'screen_name': 'morabancandorra', 'name': 'MoraBancAndorra', 'id': '76587843'}, {'screen_name': '21Diagne', 'name': 'Moussa Diagne', 'id': '1302316327831511040'}]",,,,
1312056948741804035,1312056948741804035,2020-10-02 17:48:48 Hora de verano romance,2020-10-02,17:48:48,+0200,249090832,penya1930,Club Joventut Badalona,,ğŸ“½ ENTREVISTA A BRODZIANSKY  ğŸŸ¢ La Penya ğŸ¤ Amics al vestidor ğŸ  El confinament ğŸ€ Summer League  ğŸ”¥ Finals NBA ğŸ‘¶ğŸ» Cultura del planter ğŸŠğŸ»â€â™‚ï¸ Hobbies  ğŸ¥  https://t.co/9jOoHYeEDW #BadalonaÃ‰sFutur  https://t.co/m6kQ1gz7M1,ca,[],['https://bit.ly/3jqA3Hg'],[],0,4,28,['badalonaÃ©sfutur'],[],https://twitter.com/Penya1930/status/1312056948741804035,False,,1,https://pbs.twimg.com/ext_tw_video_thumb/1312056869243039744/pu/img/QUGzI3otGH1atsAm.jpg,,,,,,,[],,,,
1312042475721297922,1312036118154678272,2020-10-02 16:51:17 Hora de verano romance,2020-10-02,16:51:17,+0200,453241083,alexgaldeano,Alex Galdeano,,"@MarcMundet78 GrÃ cies. El de la @Penya1930 entenc que Ã©s l'oficial, si et fixes a la fitxa d'Eurocup posa (tentative)!",ca,"[{'screen_name': 'penya1930', 'name': 'club joventut badalona', 'id': '249090832'}]",[],[],0,0,0,[],[],https://twitter.com/AlexGaldeano/status/1312042475721297922,False,,0,,,,,,,,"[{'screen_name': 'MarcMundet78', 'name': 'Marc Mundet', 'id': '62937158'}]",,,,
1312041116905222146,1312009257580212224,2020-10-02 16:45:53 Hora de verano romance,2020-10-02,16:45:53,+0200,546807863,alex4most,Alex,,"@Esports_bdncom @CBPrat @danimiret @AEBDimonis @TitorieraX @bdncom @FCBQ @Penya1930 Que se parece a Joan Capdevila, ex-jugador del Espanyol entre otros... Lo dejamos para otra ocasiÃ³n, no?",es,[],[],[],0,0,0,[],[],https://twitter.com/alex4most/status/1312041116905222146,False,,0,,,,,,,,"[{'screen_name': 'Esports_bdncom', 'name': 'Esports BDNcom', 'id': '406372869'}, {'screen_name': 'CBPrat', 'name': 'Club BÃ squet Prat', 'id': '1252731074'}, {'screen_name': 'danimiret', 'name': 'Daniel Miret', 'id': '250082391'}, {'screen_name': 'AEBDimonis', 'name': 'AEBadalonÃ¨s-Dimonis', 'id': '1959315534'}, {'screen_name': 'TitorieraX', 'name': 'Xavi Riera', 'id': '353861326'}, {'screen_name': 'bdncom', 'name': 'Badalona ComunicaciÃ³', 'id': '144933060'}, {'screen_name': 'FCBQ', 'name': 'FCBQ', 'id': '229126746'}, {'screen_name': 'Penya1930', 'name': 'Club Joventut Badalona', 'id': '249090832'}]",,,,
1312035980480786439,1311805555548327940,2020-10-02 16:25:28 Hora de verano romance,2020-10-02,16:25:28,+0200,453241083,alexgaldeano,Alex Galdeano,,@MarcMundet78 El Penya-Partizan segons la @Penya1930 eren 1.260,ca,"[{'screen_name': 'penya1930', 'name': 'club joventut badalona', 'id': '249090832'}]",[],[],0,0,0,[],[],https://twitter.com/AlexGaldeano/status/1312035980480786439,False,,0,,,,,,,,"[{'screen_name': 'MarcMundet78', 'name': 'Marc Mundet', 'id': '62937158'}]",,,,
1312026636838154241,1312002058615218177,2020-10-02 15:48:21 Hora de verano romance,2020-10-02,15:48:21,+0200,249197711,lluis_casas,LluÃ­s,,@Penya1930 @morabancandorra @Neno_D7 Anava a dir el mateix... PerquÃ¨ per defecte enllaceu en castellÃ  les noticies o crÃ²niques?,ca,[],[],[],0,0,0,[],[],https://twitter.com/Lluis_Casas/status/1312026636838154241,False,,0,,,,,,,,"[{'screen_name': 'Penya1930', 'name': 'Club Joventut Badalona', 'id': '249090832'}, {'screen_name': 'morabancandorra', 'name': 'MoraBancAndorra', 'id': '76587843'}, {'screen_name': 'Neno_D7', 'name': 'Neno Dimitrijevic', 'id': '2972997035'}]",,,,
1312023342166298634,1312002058615218177,2020-10-02 15:35:15 Hora de verano romance,2020-10-02,15:35:15,+0200,920996598565539840,frances27943079,Francesc,,@Penya1930 @victormayolas @morabancandorra @Neno_D7 En catalÃ  si us plau,ca,[],[],[],1,0,6,[],[],https://twitter.com/Frances27943079/status/1312023342166298634,False,,0,,,,,,,,"[{'screen_name': 'Penya1930', 'name': 'Club Joventut Badalona', 'id': '249090832'}, {'screen_name': 'victormayolas', 'name': 'VÃ­ctor Mayolas Vila', 'id': '4446893955'}, {'screen_name': 'morabancandorra', 'name': 'MoraBancAndorra', 'id': '76587843'}, {'screen_name': 'Neno_D7', 'name': 'Neno Dimitrijevic', 'id': '2972997035'}]",,,,
1312021952165564416,1312002058615218177,2020-10-02 15:29:44 Hora de verano romance,2020-10-02,15:29:44,+0200,3053644138,marcosgr72,Marcos Garcia Ramos,,"@Penya1930 @Neno_D7 Vinga nanussss, amb dos  "" @albertventu14  ""  https://t.co/Ib49rYSwh9",lt,"[{'screen_name': 'albertventu14', 'name': 'albert ventura', 'id': '251621870'}]",[],['https://pbs.twimg.com/tweet_video_thumb/EjU9AY9WsAMrYO3.jpg'],0,0,4,[],[],https://twitter.com/marcosgr72/status/1312021952165564416,False,,1,https://pbs.twimg.com/tweet_video_thumb/EjU9AY9WsAMrYO3.jpg,,,,,,,"[{'screen_name': 'Penya1930', 'name': 'Club Joventut Badalona', 'id': '249090832'}, {'screen_name': 'Neno_D7', 'name': 'Neno Dimitrijevic', 'id': '2972997035'}]",,,,
1312017757974732801,1311999217922179074,2020-10-02 15:13:04 Hora de verano romance,2020-10-02,15:13:04,+0200,253002899,periku21,Ramon OiJ ğŸ—ï¸,,@peprm @Penya1930 Moltes grÃ cies!!! ğŸ‰ğŸ‰,ca,[],[],[],0,0,0,[],[],https://twitter.com/Periku21/status/1312017757974732801,False,,0,,,,,,,,"[{'screen_name': 'peprm', 'name': 'Pep Ros', 'id': '278949663'}, {'screen_name': 'Penya1930', 'name': 'Club Joventut Badalona', 'id': '249090832'}]",,,,
1312017520182857729,1311999217922179074,2020-10-02 15:12:07 Hora de verano romance,2020-10-02,15:12:07,+0200,278949663,peprm,Pep Ros,,@Penya1930 @Periku21 Felicitats,en,[],[],[],1,0,2,[],[],https://twitter.com/peprm/status/1312017520182857729,False,,0,,,,,,,,"[{'screen_name': 'Penya1930', 'name': 'Club Joventut Badalona', 'id': '249090832'}, {'screen_name': 'Periku21', 'name': 'Ramon OiJ ğŸ—ï¸', 'id': '253002899'}]",,,,
1312016683792556034,1311999217922179074,2020-10-02 15:08:48 Hora de verano romance,2020-10-02,15:08:48,+0200,253002899,periku21,Ramon OiJ ğŸ—ï¸,,@Isaacfarre @jaumeco @Penya1930 @sparejagarcia @PauRibas Per tu la de @alen_omic_23! ğŸ˜,es,"[{'screen_name': 'alen_omic_23', 'name': 'alen omic', 'id': '846978651145035779'}]",[],[],0,0,0,[],[],https://twitter.com/Periku21/status/1312016683792556034,False,,0,,,,,,,,"[{'screen_name': 'jaumeco', 'name': 'Jaume Comas i Vives ğŸ—', 'id': '198409371'}, {'screen_name': 'Penya1930', 'name': 'Club Joventut Badalona', 'id': '249090832'}, {'screen_name': 'PauRibas', 'name': 'Pau Ribas', 'id': '108110183'}]",,,,
1312016474672857088,1311999217922179074,2020-10-02 15:07:58 Hora de verano romance,2020-10-02,15:07:58,+0200,253002899,periku21,Ramon OiJ ğŸ—ï¸,,@pdolera @Penya1930 GrÃ cies Mister! ğŸ¤—,ca,[],[],[],0,0,1,[],[],https://twitter.com/Periku21/status/1312016474672857088,False,,0,,,,,,,,"[{'screen_name': 'pdolera', 'name': 'Pedro DÃ³lera', 'id': '375420734'}, {'screen_name': 'Penya1930', 'name': 'Club Joventut Badalona', 'id': '249090832'}]",,,,
1312011988978065408,1311999217922179074,2020-10-02 14:50:08 Hora de verano romance,2020-10-02,14:50:08,+0200,375420734,pdolera,Pedro DÃ³lera,,@Penya1930 @Periku21 Felicitats ğŸ˜‰,en,[],[],[],1,0,0,[],[],https://twitter.com/pdolera/status/1312011988978065408,False,,0,,,,,,,,"[{'screen_name': 'Penya1930', 'name': 'Club Joventut Badalona', 'id': '249090832'}, {'screen_name': 'Periku21', 'name': 'Ramon OiJ ğŸ—ï¸', 'id': '253002899'}]",,,,
1312011953162858498,1311999217922179074,2020-10-02 14:50:00 Hora de verano romance,2020-10-02,14:50:00,+0200,253002899,periku21,Ramon OiJ ğŸ—ï¸,,"@sparejagarcia @Penya1930 @jaumeco Moltes grÃ cies Sergio, va haver-hi un moment que vaig estar a punt de desistir i tot, hahaha... Un plaer haver competit amb 2 grans de la Penya, con tu i el @jaumeco!!  PD: Felicitats per tota la feinada de difusiÃ³ que fas del mÃ³n verd-i-negre!ğŸ¤—",ca,"[{'screen_name': 'jaumeco', 'name': 'jaume comas i vives ğŸ—', 'id': '198409371'}]",[],[],0,1,3,[],[],https://twitter.com/Periku21/status/1312011953162858498,False,,0,,,,,,,,"[{'screen_name': 'Penya1930', 'name': 'Club Joventut Badalona', 'id': '249090832'}, {'screen_name': 'jaumeco', 'name': 'Jaume Comas i Vives ğŸ—', 'id': '198409371'}]",,,,
1312011729447063552,1311999217922179074,2020-10-02 14:49:06 Hora de verano romance,2020-10-02,14:49:06,+0200,198409371,jaumeco,Jaume Comas i Vives ğŸ—,,@Penya1930 @Isaacfarre @sparejagarcia @Periku21 Va... Estireu-vos i regaleu 4 samarretes d'escalfament!,ca,[],[],[],0,0,3,[],[],https://twitter.com/jaumeco/status/1312011729447063552,False,,0,,,,,,,,"[{'screen_name': 'Penya1930', 'name': 'Club Joventut Badalona', 'id': '249090832'}, {'screen_name': 'Periku21', 'name': 'Ramon OiJ ğŸ—ï¸', 'id': '253002899'}]",,,,
1312010519906222088,1311999217922179074,2020-10-02 14:44:18 Hora de verano romance,2020-10-02,14:44:18,+0200,249090832,penya1930,Club Joventut Badalona,,@Isaacfarre @sparejagarcia @Periku21 @jaumeco ğŸ˜’,und,[],[],[],1,0,2,[],[],https://twitter.com/Penya1930/status/1312010519906222088,False,,0,,,,,,,,"[{'screen_name': 'Periku21', 'name': 'Ramon OiJ ğŸ—ï¸', 'id': '253002899'}, {'screen_name': 'jaumeco', 'name': 'Jaume Comas i Vives ğŸ—', 'id': '198409371'}]",,,,
1312009911769985025,1312009257580212224,2020-10-02 14:41:53 Hora de verano romance,2020-10-02,14:41:53,+0200,406372869,esports_bdncom,Esports BDNcom,,"El tÃ¨cnic del @CBPrat , @danimiret , ens parla de com afronten els potablava la Final a 4 de Terrassa, i el tÃ¨cnic del @AEBDimonis , @TitorieraX , ens explica les ganes que tÃ© el seu equip de seguir evolucionant en la Lliga Catalana #EBA ğŸ‘‡ #Badalona @bdncom @FCBQ @Penya1930  https://t.co/FTT1ur7jPD",ca,"[{'screen_name': 'cbprat', 'name': 'club bÃ squet prat', 'id': '1252731074'}, {'screen_name': 'danimiret', 'name': 'daniel miret', 'id': '250082391'}, {'screen_name': 'aebdimonis', 'name': 'aebadalonÃ¨s-dimonis', 'id': '1959315534'}, {'screen_name': 'titorierax', 'name': 'xavi riera', 'id': '353861326'}, {'screen_name': 'bdncom', 'name': 'badalona comunicaciÃ³', 'id': '144933060'}, {'screen_name': 'fcbq', 'name': 'fcbq', 'id': '229126746'}, {'screen_name': 'penya1930', 'name': 'club joventut badalona', 'id': '249090832'}]",[],[],1,3,6,"['eba', 'badalona']",[],https://twitter.com/Esports_bdncom/status/1312009911769985025,False,,1,https://pbs.twimg.com/ext_tw_video_thumb/1312009294590742531/pu/img/nyd4BKkXmp496EDG.jpg,,,,,,,[],,,,
1312009257580212224,1312009257580212224,2020-10-02 14:39:17 Hora de verano romance,2020-10-02,14:39:17,+0200,406372869,esports_bdncom,Esports BDNcom,,Cap de setmana de lligues catalanes de la @FCBQ amb presÃ¨ncia badalonina. El vinculat @CBPrat jugarÃ  la Final a 4 de la Lliga Catalana LEB Plata (semifinal dissabte 18h VS @BasquetCornella ) mentre que @AEBDimonis i @Penya1930 B es juguen una plaÃ§a per quarts d' #EBA ğŸ‘‡ @bdncom  https://t.co/s3i6aZDoR3,ca,"[{'screen_name': 'fcbq', 'name': 'fcbq', 'id': '229126746'}, {'screen_name': 'cbprat', 'name': 'club bÃ squet prat', 'id': '1252731074'}, {'screen_name': 'basquetcornella', 'name': 'cb cornellÃ ', 'id': '1615006214'}, {'screen_name': 'aebdimonis', 'name': 'aebadalonÃ¨s-dimonis', 'id': '1959315534'}, {'screen_name': 'penya1930', 'name': 'club joventut badalona', 'id': '249090832'}, {'screen_name': 'bdncom', 'name': 'badalona comunicaciÃ³', 'id': '144933060'}]",[],[],1,4,8,['eba'],[],https://twitter.com/Esports_bdncom/status/1312009257580212224,False,,1,https://pbs.twimg.com/ext_tw_video_thumb/1312008327090626560/pu/img/BHjJaGfL7d1S2DHr.jpg,,,,,,,[],,,,
1312005340150497281,1312005340150497281,2020-10-02 14:23:43 Hora de verano romance,2020-10-02,14:23:43,+0200,717967740,epbadalona,EL PERIÃ“DICO Badalona,,"La @Penya1930 de #Badalona s'estrena a l'@EuroCup  amb un triomf de mÃ¨rit davant el @PartizanBC. @PauRibas va liderar la victÃ²ria del conjunt badalonÃ­ a l'OlÃ­mpic, que va acollir mÃ©s d'un miler d'aficionats a les grades  https://t.co/mggNEfAHFX",ca,"[{'screen_name': 'penya1930', 'name': 'club joventut badalona', 'id': '249090832'}, {'screen_name': 'eurocup', 'name': '7days eurocup', 'id': '274475730'}, {'screen_name': 'partizanbc', 'name': 'kk partizan nis', 'id': '289320813'}, {'screen_name': 'pauribas', 'name': 'pau ribas', 'id': '108110183'}]",['http://elperiodi.co/bkveq1'],[],0,1,0,['badalona'],[],https://twitter.com/EPbadalona/status/1312005340150497281,False,,0,,,,,,,,[],,,,
1312004994149871618,1311999217922179074,2020-10-02 14:22:21 Hora de verano romance,2020-10-02,14:22:21,+0200,198409371,jaumeco,Jaume Comas i Vives ğŸ—,,@sparejagarcia @Penya1930 @Periku21 No eren 3 guanyadors? ğŸ˜‚ğŸ¤£ğŸ˜‚ğŸ¤£ğŸ˜‚,ca,[],[],[],0,0,1,[],[],https://twitter.com/jaumeco/status/1312004994149871618,False,,0,,,,,,,,"[{'screen_name': 'Penya1930', 'name': 'Club Joventut Badalona', 'id': '249090832'}, {'screen_name': 'Periku21', 'name': 'Ramon OiJ ğŸ—ï¸', 'id': '253002899'}]",,,,
1312002058615218177,1312002058615218177,2020-10-02 14:10:41 Hora de verano romance,2020-10-02,14:10:41,+0200,249090832,penya1930,Club Joventut Badalona,,PRÃˆVIA | La Penya visita la complicada pista del @morabancandorra   3âƒ£ Los verdinegros buscarÃ¡n la tercera victoria en la #LigaEndesa  ğŸ‘‰  https://t.co/zvhphgqG20 #BadalonaÃ‰sFutur #SomLaPenya  https://t.co/ktpiZixQYD,ca,"[{'screen_name': 'morabancandorra', 'name': 'morabancandorra', 'id': '76587843'}]",['https://bit.ly/30u8cyJ'],['https://pbs.twimg.com/media/EjUq16PX0Ac88xG.jpg'],3,3,32,"['ligaendesa', 'badalonaÃ©sfutur', 'somlapenya']",[],https://twitter.com/Penya1930/status/1312002058615218177,False,,1,https://pbs.twimg.com/media/EjUq16PX0Ac88xG.jpg,,,,,,,[],,,,
1312001838653337602,1311999217922179074,2020-10-02 14:09:48 Hora de verano romance,2020-10-02,14:09:48,+0200,267941765,labibliapenyera,Biblia Verdinegra,,"@Penya1930 @Periku21 Enhorabona @Periku21 !!!! Tâ€™ho he posat difÃ­cil perÃ² mâ€™has passat la mÃ  per la cara jajaja Content, perÃ², que la samarreta acabi en mans dâ€™un gran Penyero i sent amic de @jaumeco segur que una gran persona tambÃ©. A gaudir-la.",ca,"[{'screen_name': 'periku21', 'name': 'ramon oij ğŸ—ï¸', 'id': '253002899'}, {'screen_name': 'jaumeco', 'name': 'jaume comas i vives ğŸ—', 'id': '198409371'}]",[],[],2,0,12,[],[],https://twitter.com/labibliapenyera/status/1312001838653337602,False,,0,,,,,,,,"[{'screen_name': 'Penya1930', 'name': 'Club Joventut Badalona', 'id': '249090832'}, {'screen_name': 'Periku21', 'name': 'Ramon OiJ ğŸ—ï¸', 'id': '253002899'}]",,,,
1312001609862385666,1312001609862385666,2020-10-02 14:08:54 Hora de verano romance,2020-10-02,14:08:54,+0200,285645801,sergiogma11,Sergio Garcia-MuÃ±oz Ãlvarez,,"La #LF2 no volverÃ¡ este finde, pero ya puedes conocer algunas plantillas.   - @Celtabaloncesto:  https://t.co/FrGCkIS2ML     - @Penya1930:  https://t.co/rTqRUjbt1u  - @cbalcobendas  https://t.co/3efAox6xke  - @basketleganes:  https://t.co/spIxH1sWLa  https://t.co/NI7XIf2H13",es,"[{'screen_name': 'celtabaloncesto', 'name': 'celta baloncesto ğŸ’™', 'id': '299232520'}, {'screen_name': 'penya1930', 'name': 'club joventut badalona', 'id': '249090832'}, {'screen_name': 'cbalcobendas', 'name': 'baloncesto alcobendas', 'id': '204762917'}, {'screen_name': 'basketleganes', 'name': 'baloncesto leganÃ©s', 'id': '339135480'}]","['https://pausadeportiva.blogspot.com/2020/09/celta-de-vigo-2021-la-plantilla-de-un.html', 'https://pausadeportiva.blogspot.com/2020/09/lf2-el-nuevo-y-atractivo-proyecto-de-la.html', 'https://pausadeportiva.blogspot.com/2020/10/pacisa-alcobendas-asi-es-la-plantilla.html', 'https://pausadeportiva.blogspot.com/2020/09/el-salto-definitivo-asi-es-el.html']","['https://pbs.twimg.com/media/EjUqfqhXcAAvs0T.jpg', 'https://pbs.twimg.com/media/EjUqfqiWsAALzHP.jpg', 'https://pbs.twimg.com/media/EjUqfqjXYAIsnji.jpg', 'https://pbs.twimg.com/media/EjUqfqjXcAAqf2d.jpg']",0,0,0,['lf2'],[],https://twitter.com/sergiogma11/status/1312001609862385666,False,,1,https://pbs.twimg.com/media/EjUqfqhXcAAvs0T.jpg,,,,,,,[],,,,
1311999217922179074,1311999217922179074,2020-10-02 13:59:23 Hora de verano romance,2020-10-02,13:59:23,+0200,249090832,penya1930,Club Joventut Badalona,,"En @Periku21, guanyador del #ConcursCJBPartizanğŸ“¸ amb 144 likesâ¤ï¸!  Felicitats, has guanyat la samarreta dâ€™escalfament oficial! ğŸ‰ #BadalonaÃ‰sFutur  https://t.co/usnSah7YHU",ca,"[{'screen_name': 'periku21', 'name': 'ramon oij ğŸ—ï¸', 'id': '253002899'}]",[],['https://pbs.twimg.com/media/EjUoVM1WkAULUbg.jpg'],3,0,54,"['concurscjbpartizan', 'badalonaÃ©sfutur']",[],https://twitter.com/Penya1930/status/1311999217922179074,False,,1,https://pbs.twimg.com/media/EjUoVM1WkAULUbg.jpg,,,,,,,[],,,,
1311976666386882561,1311976666386882561,2020-10-02 12:29:47 Hora de verano romance,2020-10-02,12:29:47,+0200,406372869,esports_bdncom,Esports BDNcom,,"â­ï¸ EFEMÃˆRIDE:   El 2 d'octubre de 2014 va morir Eduard Kucharski, llegenda del bÃ squet, que va formar part de la @Penya1930 com a jugador i entrenador.  ğŸŸ¢ğŸ€ Recuperem uns minuts d'entrevista que se li va fer. #Badalona @bdncom  https://t.co/4X9bXTtmQ9",ca,"[{'screen_name': 'penya1930', 'name': 'club joventut badalona', 'id': '249090832'}, {'screen_name': 'bdncom', 'name': 'badalona comunicaciÃ³', 'id': '144933060'}]",[],[],0,4,9,['badalona'],[],https://twitter.com/Esports_bdncom/status/1311976666386882561,False,,1,https://pbs.twimg.com/ext_tw_video_thumb/1311976453614039040/pu/img/y5DfwIrJ8AdBs5Ww.jpg,,,,,,,[],,,,
1311957554826752001,1311957554826752001,2020-10-02 11:13:50 Hora de verano romance,2020-10-02,11:13:50,+0200,249090832,penya1930,Club Joventut Badalona,,ğŸ“¹ Aquesta tarda... Entrevista a Vladimir Brodziansky! #BadalonaÃ‰sFutur  https://t.co/VLOgvypes3,und,[],[],['https://pbs.twimg.com/media/EjUCcGeXkAYYSdy.jpg'],0,5,51,['badalonaÃ©sfutur'],[],https://twitter.com/Penya1930/status/1311957554826752001,False,,1,https://pbs.twimg.com/media/EjUCcGeXkAYYSdy.jpg,,,,,,,[],,,,
1311933012616110080,1311405850314113024,2020-10-02 09:36:19 Hora de verano romance,2020-10-02,09:36:19,+0200,45226903,cglebasi,BelGue,,"@PereBerdegi @Tpso36 @Penya1930 @PartizanBC I tant, faltaria... ğŸ‘Œ",en,[],[],[],0,0,0,[],[],https://twitter.com/Cglebasi/status/1311933012616110080,False,,0,,,,,,,,"[{'screen_name': 'PereBerdegi', 'name': 'PereBerdegi', 'id': '848326225'}, {'screen_name': 'Tpso36', 'name': 'tp', 'id': '355770842'}, {'screen_name': 'Penya1930', 'name': 'Club Joventut Badalona', 'id': '249090832'}, {'screen_name': 'PartizanBC', 'name': 'KK Partizan NIS', 'id': '289320813'}]",,,,
1311932898161963008,1311932898161963008,2020-10-02 09:35:52 Hora de verano romance,2020-10-02,09:35:52,+0200,252528584,rtvecatalunya,RTVE Catalunya,,"Saps que #AlaCarta pots veure l'entrevista de  @desmarcats_rtve al president del Joventut Badalona  @Penya1930, Juanan Morales?ğŸ€ Ha parlat amb  @albertf0nt de la seva Ã¨poca com a jugador i del club.  #Desmarcats avui a les 14:55h a @la2_tve i @radio4_rne   https://t.co/QBI8TffiLE",ca,"[{'screen_name': 'desmarcats_rtve', 'name': 'desmarcats', 'id': '1290203291360669696'}, {'screen_name': 'penya1930', 'name': 'club joventut badalona', 'id': '249090832'}, {'screen_name': 'la2_tve', 'name': 'la 2', 'id': '57983020'}, {'screen_name': 'radio4_rne', 'name': 'radio4_rne', 'id': '57778853'}]",['https://www.rtve.es/alacarta/videos/desmarcats/entrevista-juanan-morales-desmarcats/5675020/'],[],0,4,1,"['alacarta', 'desmarcats']",[],https://twitter.com/RTVECatalunya/status/1311932898161963008,False,,0,,,,,,,,[],,,,
1311926826986545152,1311926826986545152,2020-10-02 09:11:44 Hora de verano romance,2020-10-02,09:11:44,+0200,835126446,acbjv,ACB Jornada Virtual,,.@Penya1930 sent a message that echoed all around the 7DAYS EuroCup by downing Partizan NIS Belgrade 85-82 in Group A!ğŸ”¥ğŸ‘€  #RoadToGreatness  https://t.co/GSpw0AtSPb #EuroCup,en,"[{'screen_name': 'penya1930', 'name': 'club joventut badalona', 'id': '249090832'}]",[],[],0,0,0,"['roadtogreatness', 'eurocup']",[],https://twitter.com/ACBJV/status/1311926826986545152,False,,1,https://pbs.twimg.com/media/EjO5RF5XcAA3tv3.jpg,,,,,,,[],,,,
1311918280966373377,1311918280966373377,2020-10-02 08:37:47 Hora de verano romance,2020-10-02,08:37:47,+0200,305469112,cementirisbcn,Cementiris de Barcelona,,"#CBcnMemory La primera estrella del #basket catalÃ  va ser #EduardKucharski, jugador del @FCBbasket @Penya1930 CE LaietÃ  i AismalÃ­bar .TambÃ© fou el primer entrenador en dirigÃ­ un equip estranger (Virtus de Bolonya). #Taldiacomavui de 2014 fou enterrat al #cementiri de #Collserola  https://t.co/7NS6ALKEJd",ca,"[{'screen_name': 'fcbbasket', 'name': 'ğŸ† barÃ§a basket ğŸ†', 'id': '138713484'}, {'screen_name': 'penya1930', 'name': 'club joventut badalona', 'id': '249090832'}]",[],['https://pbs.twimg.com/media/EjTeuUDX0AENsMj.jpg'],0,2,7,"['cbcnmemory', 'basket', 'eduardkucharski', 'taldiacomavui', 'cementiri', 'collserola']",[],https://twitter.com/CementirisBCN/status/1311918280966373377,False,,1,https://pbs.twimg.com/media/EjTeuUDX0AENsMj.jpg,,,,,,,[],,,,
1311915416093167618,1311915416093167618,2020-10-02 08:26:24 Hora de verano romance,2020-10-02,08:26:24,+0200,339584567,penyamaresme,Penya del Maresme,,"AixÃ² no s'atura, demÃ  al vespre juguem contra l'@morabancandorra  a casa seva. Fa molts anys que no hi guanyem, i tenen un equip molt fÃ­sic, serÃ  la segona victÃ²ria a domicili? Nosaltres hi confiem. @Penya1930",ca,"[{'screen_name': 'morabancandorra', 'name': 'morabancandorra', 'id': '76587843'}, {'screen_name': 'penya1930', 'name': 'club joventut badalona', 'id': '249090832'}]",[],[],0,1,15,[],[],https://twitter.com/penyamaresme/status/1311915416093167618,False,,0,,,,,,,,[],,,,
1311910083949924352,1311405850314113024,2020-10-02 08:05:12 Hora de verano romance,2020-10-02,08:05:12,+0200,848326225,pereberdegi,PereBerdegi,,@Cglebasi @Tpso36 @Penya1930 @PartizanBC Si si perÃ² segueixo pensant que en Todorovic li fot mil voltes.. puc oi?,ca,[],[],[],1,0,0,[],[],https://twitter.com/PereBerdegi/status/1311910083949924352,False,,0,,,,,,,,"[{'screen_name': 'Cglebasi', 'name': 'BelGue', 'id': '45226903'}, {'screen_name': 'Tpso36', 'name': 'tp', 'id': '355770842'}, {'screen_name': 'Penya1930', 'name': 'Club Joventut Badalona', 'id': '249090832'}, {'screen_name': 'PartizanBC', 'name': 'KK Partizan NIS', 'id': '289320813'}]",,,,
1311903146604728322,1311584385603264512,2020-10-02 07:37:38 Hora de verano romance,2020-10-02,07:37:38,+0200,235898573,seinedax,INGRIDğŸ—ï¸,,@DAZN_ES @Penya1930 Sempre,it,[],[],[],0,0,0,[],[],https://twitter.com/seinedax/status/1311903146604728322,False,,0,,,,,,,,"[{'screen_name': 'DAZN_ES', 'name': 'DAZN EspaÃ±a', 'id': '740845357530238976'}, {'screen_name': 'Penya1930', 'name': 'Club Joventut Badalona', 'id': '249090832'}]",,,,
1311900102487932928,1306552288954245120,2020-10-02 07:25:33 Hora de verano romance,2020-10-02,07:25:33,+0200,608046155,torpedoguinardo,Torpedo GuinardÃ³,,@MarcAroken @danicp1980 @titotines @BadalonaMati @Esports_bdncom @Penya1930 @juananmorales12 @bdncom Se sabe algo ya de si el club va a devolver el importe de los carnets de socio que cobraron en julio? Ya no estoy a tiempo de devolver los recibos Que cara mÃ¡s dura.... la prÃ³xima temporada han perdido mis 3 carnets de socio,es,[],[],[],0,0,1,[],[],https://twitter.com/torpedoguinardo/status/1311900102487932928,False,,0,,,,,,,,"[{'screen_name': 'MarcAroken', 'name': 'Marc Aroken', 'id': '635416595'}, {'screen_name': 'danicp1980', 'name': 'ğ”»ğ•’ğ•Ÿğ•š â„‚ğ•–ğ•“ğ•’ğ•ğ•ğ• ğ•¤ğŸ’šğŸ–¤ğŸ’šğŸ€', 'id': '2190223073'}, {'screen_name': 'titotines', 'name': 'JuanfraÂ®', 'id': '1107101821'}, {'screen_name': 'BadalonaMati', 'name': 'Badalona MatÃ­', 'id': '252061752'}, {'screen_name': 'Esports_bdncom', 'name': 'Esports BDNcom', 'id': '406372869'}, {'screen_name': 'Penya1930', 'name': 'Club Joventut Badalona', 'id': '249090832'}, {'screen_name': 'juananmorales12', 'name': 'Juan Antonio Morales', 'id': '210617057'}, {'screen_name': 'bdncom', 'name': 'Badalona ComunicaciÃ³', 'id': '144933060'}]",,,,
